{
  "instance": "C201_2.5",
  "number_of_cities": 10,
  "ITE": 1,
  "average_runtime_sec": 11.52681589126587,
  "best_fitness": 370.3238075793812,
  "best_solution": [
    [
      [
        [
          0,
          [
            1
          ]
        ],
        [
          5,
          [
            5
          ]
        ],
        [
          1,
          []
        ],
        [
          6,
          [
            6
          ]
        ]
      ],
      [
        [
          0,
          []
        ],
        [
          8,
          [
            8,
            10
          ]
        ],
        [
          9,
          [
            9
          ]
        ],
        [
          10,
          []
        ]
      ],
      [
        [
          0,
          [
            3,
            7,
            2
          ]
        ],
        [
          2,
          []
        ],
        [
          4,
          [
            4
          ]
        ],
        [
          3,
          []
        ],
        [
          7,
          []
        ]
      ]
    ],
    [
      [
        [
          5,
          [
            5
          ]
        ]
      ],
      [
        [
          4,
          [
            4
          ]
        ]
      ],
      [
        [
          8,
          [
            8,
            10
          ]
        ]
      ],
      [
        [
          6,
          [
            6
          ]
        ]
      ],
      [
        [
          9,
          [
            9
          ]
        ]
      ]
    ]
  ],
  "runs": [
    {
      "run_id": 0,
      "fitness": 370.3238075793812,
      "runtime_sec": 11.52681589126587,
      "feasible": true
    }
  ]
}