{
  "instance": "R101_1.5",
  "number_of_cities": 10,
  "ITE": 1,
  "average_runtime_sec": 12.343721151351929,
  "best_fitness": 342.01562118716424,
  "best_solution": [
    [
      [
        [
          0,
          [
            1
          ]
        ],
        [
          1,
          []
        ],
        [
          3,
          [
            3
          ]
        ],
        [
          6,
          [
            6
          ]
        ],
        [
          10,
          [
            10
          ]
        ]
      ],
      [
        [
          0,
          [
            5
          ]
        ],
        [
          5,
          []
        ],
        [
          8,
          [
            8,
            7
          ]
        ],
        [
          7,
          []
        ]
      ],
      [
        [
          0,
          []
        ],
        [
          2,
          [
            2,
            4
          ]
        ],
        [
          4,
          []
        ],
        [
          9,
          [
            9
          ]
        ]
      ]
    ],
    [
      [
        [
          2,
          [
            2,
            4
          ]
        ]
      ],
      [
        [
          3,
          [
            3
          ]
        ]
      ],
      [
        [
          6,
          [
            6
          ]
        ]
      ],
      [
        [
          10,
          [
            10
          ]
        ]
      ],
      [
        [
          8,
          [
            8,
            7
          ]
        ]
      ],
      [
        [
          9,
          [
            9
          ]
        ]
      ]
    ]
  ],
  "runs": [
    {
      "run_id": 0,
      "fitness": 342.01562118716424,
      "runtime_sec": 12.343721151351929,
      "feasible": true
    }
  ]
}