{
  "instance": "R101_0.5",
  "number_of_cities": 10,
  "ITE": 1,
  "average_runtime_sec": 20.406886339187622,
  "best_fitness": 210.21320343559643,
  "best_solution": [
    [
      [
        [
          0,
          []
        ],
        [
          2,
          [
            2,
            4,
            3
          ]
        ],
        [
          4,
          []
        ],
        [
          3,
          []
        ]
      ],
      [
        [
          0,
          [
            1
          ]
        ],
        [
          10,
          [
            10
          ]
        ],
        [
          9,
          [
            9
          ]
        ],
        [
          1,
          []
        ]
      ],
      [
        [
          0,
          [
            5
          ]
        ],
        [
          7,
          [
            7
          ]
        ],
        [
          8,
          [
            8,
            6
          ]
        ],
        [
          5,
          []
        ],
        [
          6,
          []
        ]
      ]
    ],
    [
      [
        [
          2,
          [
            4,
            3
          ]
        ]
      ],
      [
        [
          2,
          [
            2
          ]
        ]
      ],
      [
        [
          10,
          [
            10
          ]
        ]
      ],
      [
        [
          7,
          [
            7
          ]
        ]
      ],
      [
        [
          9,
          [
            9
          ]
        ]
      ],
      [
        [
          8,
          [
            8,
            6
          ]
        ]
      ]
    ]
  ],
  "runs": [
    {
      "run_id": 0,
      "fitness": 210.21320343559643,
      "runtime_sec": 20.406886339187622,
      "feasible": true
    }
  ]
}