{
  "instance": "R101_2",
  "number_of_cities": 10,
  "ITE": 1,
  "average_runtime_sec": 3.07185697555542,
  "best_fitness": 414.01562118716424,
  "best_solution": [
    [
      [
        [
          0,
          [
            7
          ]
        ],
        [
          8,
          [
            8,
            6
          ]
        ],
        [
          7,
          []
        ],
        [
          6,
          []
        ]
      ],
      [
        [
          0,
          [
            5
          ]
        ],
        [
          5,
          []
        ],
        [
          4,
          [
            4
          ]
        ],
        [
          9,
          [
            9
          ]
        ]
      ],
      [
        [
          0,
          [
            2,
            1
          ]
        ],
        [
          2,
          []
        ],
        [
          10,
          [
            10,
            3
          ]
        ],
        [
          1,
          []
        ],
        [
          3,
          []
        ]
      ]
    ],
    [
      [
        [
          4,
          [
            4
          ]
        ]
      ],
      [
        [
          10,
          [
            10,
            3
          ]
        ]
      ],
      [
        [
          8,
          [
            8,
            6
          ]
        ]
      ],
      [
        [
          9,
          [
            9
          ]
        ]
      ]
    ]
  ],
  "runs": [
    {
      "run_id": 0,
      "fitness": 414.01562118716424,
      "runtime_sec": 3.07185697555542,
      "feasible": true
    }
  ]
}