{
  "instance": "RC101_2",
  "number_of_cities": 10,
  "ITE": 1,
  "average_runtime_sec": 4.742258310317993,
  "best_fitness": 357.54101966249686,
  "best_solution": [
    [
      [
        [
          0,
          [
            1,
            3
          ]
        ],
        [
          1,
          []
        ],
        [
          3,
          []
        ],
        [
          6,
          [
            6,
            7
          ]
        ],
        [
          7,
          []
        ]
      ],
      [
        [
          0,
          [
            5,
            4
          ]
        ],
        [
          5,
          []
        ],
        [
          4,
          []
        ],
        [
          8,
          [
            8
          ]
        ]
      ],
      [
        [
          0,
          [
            2
          ]
        ],
        [
          2,
          []
        ],
        [
          9,
          [
            9,
            10
          ]
        ],
        [
          10,
          []
        ]
      ]
    ],
    [
      [
        [
          6,
          [
            6,
            7
          ]
        ]
      ],
      [
        [
          8,
          [
            8
          ]
        ]
      ],
      [
        [
          9,
          [
            9,
            10
          ]
        ]
      ]
    ]
  ],
  "runs": [
    {
      "run_id": 0,
      "fitness": 357.54101966249686,
      "runtime_sec": 4.742258310317993,
      "feasible": true
    }
  ]
}