{
    "dataset": "10.10.1.txt",
    "parameters": {
        "drones": 1,
        "techs": 1,
        "max_iter": 500
    },
    "tabu_search": {
        "score": 32.769421660038454,
        "time": 0.22
    },
    "multi_level": {
        "score": 32.769421660038454,
        "time": 0.6418282985687256
    }
}