{
  "checkpoint": 12,
  "best_fitness": 220.0,
  "time_elapsed": 0.2901337146759033,
  "segments_completed": 12,
  "fitness_history": [
    500.0,
    500.0,
    500.0,
    500.0,
    488.0,
    480.0,
    480.0,
    480.0,
    480.0,
    428.0,
    428.0,
    428.0,
    420.0,
    396.0,
    396.0,
    336.0,
    328.0,
    324.0,
    324.0,
    308.0,
    292.0,
    292.0,
    280.0,
    252.0,
    248.0,
    248.0,
    248.0,
    248.0,
    248.0,
    248.0,
    240.0,
    240.0,
    240.0,
    240.0,
    240.0,
    240.0,
    240.0,
    240.0,
    240.0,
    240.0,
    240.0,
    240.0,
    240.0,
    240.0,
    240.0,
    240.0,
    240.0,
    240.0,
    240.0,
    240.0,
    232.0,
    232.0,
    232.0,
    228.0,
    228.0,
    220.0,
    220.0,
    220.0,
    220.0,
    220.0,
    220.0,
    220.0,
    220.0,
    220.0,
    220.0,
    220.0,
    220.0,
    220.0,
    220.0,
    220.0,
    220.0,
    220.0,
    220.0,
    220.0,
    220.0,
    220.0,
    220.0,
    220.0,
    220.0,
    220.0,
    220.0,
    220.0,
    220.0,
    220.0,
    220.0,
    220.0,
    220.0,
    220.0,
    220.0,
    220.0,
    220.0,
    220.0,
    220.0,
    220.0,
    220.0,
    220.0,
    220.0,
    220.0,
    220.0,
    220.0
  ],
  "time_history": [
    0,
    0.020264863967895508,
    0.02541351318359375,
    0.02699136734008789,
    0.02772045135498047,
    0.028025150299072266,
    0.031130313873291016,
    0.033873558044433594,
    0.035997867584228516,
    0.03797578811645508,
    0.03981757164001465,
    0.042154550552368164,
    0.04369187355041504,
    0.04487347602844238,
    0.04624295234680176,
    0.05069136619567871,
    0.05286812782287598,
    0.05457663536071777,
    0.05757617950439453,
    0.06023526191711426,
    0.06102609634399414,
    0.061425209045410156,
    0.06789779663085938,
    0.06981658935546875,
    0.07134699821472168,
    0.07270646095275879,
    0.07375335693359375,
    0.07847952842712402,
    0.08149456977844238,
    0.08272457122802734,
    0.08528494834899902,
    0.08779072761535645,
    0.08840656280517578,
    0.09033441543579102,
    0.09066033363342285,
    0.09288358688354492,
    0.09427404403686523,
    0.09524250030517578,
    0.09597253799438477,
    0.09640169143676758,
    0.10063362121582031,
    0.10375308990478516,
    0.10575675964355469,
    0.11046981811523438,
    0.1111140251159668,
    0.11346793174743652,
    0.11542057991027832,
    0.11712384223937988,
    0.11844062805175781,
    0.11976337432861328,
    0.1206212043762207,
    0.12131214141845703,
    0.12472105026245117,
    0.1263105869293213,
    0.12923574447631836,
    0.13004422187805176,
    0.15132546424865723,
    0.1545124053955078,
    0.15688729286193848,
    0.1581406593322754,
    0.16052961349487305,
    0.16127920150756836,
    0.16317367553710938,
    0.17326617240905762,
    0.17548656463623047,
    0.18771862983703613,
    0.19382286071777344,
    0.19851350784301758,
    0.20120882987976074,
    0.2052912712097168,
    0.20584344863891602,
    0.20879745483398438,
    0.21183395385742188,
    0.21396684646606445,
    0.21715855598449707,
    0.2189183235168457,
    0.21994757652282715,
    0.22047805786132812,
    0.22357821464538574,
    0.2264111042022705,
    0.22886323928833008,
    0.23233985900878906,
    0.23682928085327148,
    0.24263548851013184,
    0.24576234817504883,
    0.24723005294799805,
    0.2507364749908447,
    0.25342750549316406,
    0.25705623626708984,
    0.2639799118041992,
    0.26677775382995605,
    0.2690565586090088,
    0.2705404758453369,
    0.27137017250061035,
    0.27408862113952637,
    0.27763915061950684,
    0.2811455726623535,
    0.28481078147888184,
    0.2882199287414551,
    0.2901337146759033
  ]
}