{
  "checkpoint": 8,
  "best_fitness": 860.0,
  "time_elapsed": 7.503706932067871,
  "segments_completed": 8,
  "fitness_history": [
    2200.0,
    1980.0,
    1916.0,
    1916.0,
    1916.0,
    1916.0,
    1916.0,
    1916.0,
    1916.0,
    1916.0,
    1916.0,
    1916.0,
    1916.0,
    1916.0,
    1916.0,
    1916.0,
    1828.0,
    1828.0,
    1816.0,
    1788.0,
    1788.0,
    1700.0,
    1588.0,
    1548.0,
    1548.0,
    1548.0,
    1548.0,
    1548.0,
    1548.0,
    1536.0,
    1536.0,
    1536.0,
    1536.0,
    1536.0,
    1536.0,
    1536.0,
    1536.0,
    1536.0,
    1536.0,
    1536.0,
    1528.0,
    1416.0,
    1416.0,
    1296.0,
    1268.0,
    1268.0,
    1268.0,
    1260.0,
    1260.0,
    1240.0,
    1168.0,
    1168.0,
    1140.0,
    1140.0,
    1100.0,
    1100.0,
    1088.0,
    1068.0,
    948.0,
    948.0,
    936.0,
    936.0,
    936.0,
    924.0,
    916.0,
    916.0,
    916.0,
    916.0,
    896.0,
    896.0,
    896.0,
    896.0,
    884.0,
    884.0,
    876.0,
    876.0,
    876.0,
    876.0,
    868.0,
    868.0,
    868.0,
    868.0,
    868.0,
    868.0,
    868.0,
    868.0,
    868.0,
    860.0,
    860.0,
    860.0,
    860.0,
    860.0,
    860.0,
    860.0,
    860.0,
    860.0,
    860.0
  ],
  "time_history": [
    0,
    0.0667266845703125,
    0.10882806777954102,
    0.1390209197998047,
    0.1808791160583496,
    0.20597195625305176,
    0.26604580879211426,
    0.32047128677368164,
    0.3775053024291992,
    0.39194393157958984,
    0.4032101631164551,
    0.4609341621398926,
    0.4690985679626465,
    0.47507762908935547,
    0.5266211032867432,
    0.583341121673584,
    0.5873346328735352,
    0.5899243354797363,
    0.6373286247253418,
    0.6902565956115723,
    0.6919195652008057,
    0.7364914417266846,
    0.7762844562530518,
    0.8236124515533447,
    0.8620321750640869,
    0.895637035369873,
    0.9380643367767334,
    0.9707760810852051,
    0.9998984336853027,
    1.02553129196167,
    1.0264298915863037,
    1.0576915740966797,
    1.0834667682647705,
    1.1057631969451904,
    1.1062240600585938,
    1.125340461730957,
    1.1445846557617188,
    1.1609210968017578,
    1.177938461303711,
    1.1876013278961182,
    1.271385908126831,
    1.3147165775299072,
    1.3505468368530273,
    1.413757562637329,
    1.6381502151489258,
    1.6536109447479248,
    1.7015869617462158,
    1.8135535717010498,
    1.8207423686981201,
    1.871368408203125,
    1.8754937648773193,
    1.8778676986694336,
    1.9196820259094238,
    1.9210047721862793,
    1.9686167240142822,
    2.039341449737549,
    2.0707504749298096,
    2.106001853942871,
    2.1366991996765137,
    2.165926218032837,
    2.232400417327881,
    2.3228421211242676,
    2.3964500427246094,
    2.428424596786499,
    2.4902212619781494,
    2.5459089279174805,
    2.602949380874634,
    2.68460750579834,
    2.734022378921509,
    2.7896196842193604,
    2.836421012878418,
    2.882736921310425,
    2.948300838470459,
    2.983839750289917,
    3.0406079292297363,
    3.2345752716064453,
    3.3627164363861084,
    3.45666766166687,
    3.512831926345825,
    3.704493999481201,
    4.068367958068848,
    4.321971654891968,
    4.4118921756744385,
    4.467128038406372,
    4.67435884475708,
    4.927498817443848,
    5.2493133544921875,
    5.308647871017456,
    5.7361674308776855,
    6.007046937942505,
    6.155876874923706,
    6.23154354095459,
    6.43540620803833,
    6.594255685806274,
    6.9922380447387695,
    7.304854154586792,
    7.503706932067871
  ]
}