{
  "checkpoint": 1,
  "best_fitness": 1536.0,
  "time_elapsed": 1.1876013278961182,
  "segments_completed": 1,
  "fitness_history": [
    2200.0,
    1980.0,
    1916.0,
    1916.0,
    1916.0,
    1916.0,
    1916.0,
    1916.0,
    1916.0,
    1916.0,
    1916.0,
    1916.0,
    1916.0,
    1916.0,
    1916.0,
    1916.0,
    1828.0,
    1828.0,
    1816.0,
    1788.0,
    1788.0,
    1700.0,
    1588.0,
    1548.0,
    1548.0,
    1548.0,
    1548.0,
    1548.0,
    1548.0,
    1536.0,
    1536.0,
    1536.0,
    1536.0,
    1536.0,
    1536.0,
    1536.0,
    1536.0,
    1536.0,
    1536.0,
    1536.0
  ],
  "time_history": [
    0,
    0.0667266845703125,
    0.10882806777954102,
    0.1390209197998047,
    0.1808791160583496,
    0.20597195625305176,
    0.26604580879211426,
    0.32047128677368164,
    0.3775053024291992,
    0.39194393157958984,
    0.4032101631164551,
    0.4609341621398926,
    0.4690985679626465,
    0.47507762908935547,
    0.5266211032867432,
    0.583341121673584,
    0.5873346328735352,
    0.5899243354797363,
    0.6373286247253418,
    0.6902565956115723,
    0.6919195652008057,
    0.7364914417266846,
    0.7762844562530518,
    0.8236124515533447,
    0.8620321750640869,
    0.895637035369873,
    0.9380643367767334,
    0.9707760810852051,
    0.9998984336853027,
    1.02553129196167,
    1.0264298915863037,
    1.0576915740966797,
    1.0834667682647705,
    1.1057631969451904,
    1.1062240600585938,
    1.125340461730957,
    1.1445846557617188,
    1.1609210968017578,
    1.177938461303711,
    1.1876013278961182
  ]
}